<?xml version="1.0" encoding="UTF-8"?>
<GenRun Id="impl_1" LaunchPart="xc7k70tfbv676-1" LaunchTime="1723557247">
  <File Type="ROUTE-PWR" Name="traffic_light_controller_power_routed.rpt"/>
  <File Type="PA-TCL" Name="traffic_light_controller.tcl"/>
  <File Type="ROUTE-PWR-SUM" Name="traffic_light_controller_power_summary_routed.pb"/>
  <File Type="REPORTS-TCL" Name="traffic_light_controller_reports.tcl"/>
  <File Type="BITSTR-MSK" Name="traffic_light_controller.msk"/>
  <File Type="ROUTE-CLK" Name="traffic_light_controller_clock_utilization_routed.rpt"/>
  <File Type="RDI-RDI" Name="traffic_light_controller.vdi"/>
  <File Type="ROUTE-BUS-SKEW" Name="traffic_light_controller_bus_skew_routed.rpt"/>
  <File Type="PA-DCP" Name="traffic_light_controller.dcp"/>
  <File Type="POSTROUTE-PHYSOPT-BUS-SKEW-PB" Name="traffic_light_controller_bus_skew_postroute_physopted.pb"/>
  <File Type="BG-BIT" Name="traffic_light_controller.bit"/>
  <File Type="BG-DRC" Name="traffic_light_controller.drc"/>
  <File Type="BG-BGN" Name="traffic_light_controller.bgn"/>
  <File Type="BG-BIN" Name="traffic_light_controller.bin"/>
  <File Type="BITSTR-RBT" Name="traffic_light_controller.rbt"/>
  <File Type="BITSTR-NKY" Name="traffic_light_controller.nky"/>
  <File Type="BITSTR-BMM" Name="traffic_light_controller_bd.bmm"/>
  <File Type="BITSTR-MMI" Name="traffic_light_controller.mmi"/>
  <File Type="BITSTR-SYSDEF" Name="traffic_light_controller.sysdef"/>
  <File Type="BITSTR-LTX" Name="debug_nets.ltx"/>
  <File Type="BITSTR-LTX" Name="traffic_light_controller.ltx"/>
  <File Type="WBT-USG" Name="usage_statistics_webtalk.html"/>
  <File Type="OPT-DRC" Name="traffic_light_controller_drc_opted.rpt"/>
  <File Type="OPT-HWDEF" Name="traffic_light_controller.hwdef"/>
  <File Type="PLACE-IO" Name="traffic_light_controller_io_placed.rpt"/>
  <File Type="PLACE-UTIL" Name="traffic_light_controller_utilization_placed.rpt"/>
  <File Type="PLACE-UTIL-PB" Name="traffic_light_controller_utilization_placed.pb"/>
  <File Type="PLACE-CTRL" Name="traffic_light_controller_control_sets_placed.rpt"/>
  <File Type="PLACE-PRE-SIMILARITY" Name="traffic_light_controller_incremental_reuse_pre_placed.rpt"/>
  <File Type="ROUTE-DRC" Name="traffic_light_controller_drc_routed.rpt"/>
  <File Type="ROUTE-DRC-PB" Name="traffic_light_controller_drc_routed.pb"/>
  <File Type="ROUTE-PWR-RPX" Name="traffic_light_controller_power_routed.rpx"/>
  <File Type="ROUTE-STATUS" Name="traffic_light_controller_route_status.rpt"/>
  <File Type="ROUTE-STATUS-PB" Name="traffic_light_controller_route_status.pb"/>
  <File Type="ROUTE-DCP" Name="traffic_light_controller_routed.dcp"/>
  <File Type="ROUTE-ERROR-DCP" Name="traffic_light_controller_routed_error.dcp"/>
  <File Type="ROUTE-BLACKBOX-DCP" Name="traffic_light_controller_routed_bb.dcp"/>
  <File Type="ROUTE-TIMINGSUMMARY" Name="traffic_light_controller_timing_summary_routed.rpt"/>
  <File Type="ROUTE-TIMING-PB" Name="traffic_light_controller_timing_summary_routed.pb"/>
  <File Type="ROUTE-TIMING-RPX" Name="traffic_light_controller_timing_summary_routed.rpx"/>
  <File Type="ROUTE-SIMILARITY" Name="traffic_light_controller_incremental_reuse_routed.rpt"/>
  <File Type="ROUTE-BUS-SKEW-PB" Name="traffic_light_controller_bus_skew_routed.pb"/>
  <File Type="ROUTE-BUS-SKEW-RPX" Name="traffic_light_controller_bus_skew_routed.rpx"/>
  <File Type="OPT-DCP" Name="traffic_light_controller_opt.dcp"/>
  <File Type="PLACE-DCP" Name="traffic_light_controller_placed.dcp"/>
  <File Type="PWROPT-DCP" Name="traffic_light_controller_pwropt.dcp"/>
  <File Type="POSTPLACE-PWROPT-DCP" Name="traffic_light_controller_postplace_pwropt.dcp"/>
  <File Type="PHYSOPT-DCP" Name="traffic_light_controller_physopt.dcp"/>
  <File Type="POSTROUTE-PHYSOPT-DCP" Name="traffic_light_controller_postroute_physopt.dcp"/>
  <File Type="POSTROUTE-PHYSOPT-BLACKBOX-DCP" Name="traffic_light_controller_postroute_physopt_bb.dcp"/>
  <File Type="POSTROUTE-PHYSOPT-TIMING" Name="traffic_light_controller_timing_summary_postroute_physopted.rpt"/>
  <File Type="POSTROUTE-PHYSOPT-TIMING-PB" Name="traffic_light_controller_timing_summary_postroute_physopted.pb"/>
  <File Type="POSTROUTE-PHYSOPT-TIMING-RPX" Name="traffic_light_controller_timing_summary_postroute_physopted.rpx"/>
  <File Type="POSTROUTE-PHYSOPT-BUS-SKEW" Name="traffic_light_controller_bus_skew_postroute_physopted.rpt"/>
  <File Type="POSTROUTE-PHYSOPT-BUS-SKEW-RPX" Name="traffic_light_controller_bus_skew_postroute_physopted.rpx"/>
  <File Type="ROUTE-METHODOLOGY-DRC" Name="traffic_light_controller_methodology_drc_routed.rpt"/>
  <File Type="ROUTE-METHODOLOGY-DRC-PB" Name="traffic_light_controller_methodology_drc_routed.pb"/>
  <File Type="ROUTE-DRC-RPX" Name="traffic_light_controller_drc_routed.rpx"/>
  <File Type="ROUTE-METHODOLOGY-DRC-RPX" Name="traffic_light_controller_methodology_drc_routed.rpx"/>
  <File Type="PDI-FILE" Name="traffic_light_controller.pdi"/>
  <File Type="BOOT-PDI-FILE" Name="traffic_light_controller_boot.pdi"/>
  <File Type="PL-PDI-FILE" Name="traffic_light_controller_pld.pdi"/>
  <File Type="RCFI_FILE" Name="traffic_light_controller.rcfi"/>
  <File Type="CFI_FILE" Name="traffic_light_controller.cfi"/>
  <File Type="RNPI_FILE" Name="traffic_light_controller.rnpi"/>
  <File Type="NPI_FILE" Name="traffic_light_controller.npi"/>
  <File Type="RBD_FILE" Name="traffic_light_controller.rbd"/>
  <File Type="ROUTE-RQS" Name="traffic_light_controller_routed.rqs"/>
  <File Type="POSTROUTE-PHYSOPT-RQS" Name="traffic_light_controller_postroute_physopted.rqs"/>
  <File Type="ROUTE-RQS-RPT" Name="route_report_qor_suggestions_0.rpt"/>
  <File Type="POSTROUTE-PHYSOPT-RQS-RPT" Name="postroute_physopt_report_qor_suggestions_0.rpt"/>
  <FileSet Name="sources" Type="DesignSrcs" RelSrcDir="$PSRCDIR/sources_1" RelGenDir="$PGENDIR/sources_1">
    <Filter Type="Srcs"/>
    <File Path="$PSRCDIR/sources_1/new/traffic_light_controller.v">
      <FileInfo>
        <Attr Name="UsedIn" Val="synthesis"/>
        <Attr Name="UsedIn" Val="implementation"/>
        <Attr Name="UsedIn" Val="simulation"/>
      </FileInfo>
    </File>
    <Config>
      <Option Name="DesignMode" Val="RTL"/>
      <Option Name="TopModule" Val="traffic_light_controller"/>
    </Config>
  </FileSet>
  <FileSet Name="constrs_in" Type="Constrs" RelSrcDir="$PSRCDIR/constrs_1" RelGenDir="$PGENDIR/constrs_1">
    <Filter Type="Constrs"/>
    <Config>
      <Option Name="ConstrsType" Val="XDC"/>
    </Config>
  </FileSet>
  <FileSet Name="utils" Type="Utils" RelSrcDir="$PSRCDIR/utils_1" RelGenDir="$PGENDIR/utils_1">
    <Filter Type="Utils"/>
    <Config>
      <Option Name="TopAutoSet" Val="TRUE"/>
    </Config>
  </FileSet>
  <Strategy Version="1" Minor="2">
    <StratHandle Name="Vivado Implementation Defaults" Flow="Vivado Implementation 2024"/>
    <Step Id="init_design"/>
    <Step Id="opt_design"/>
    <Step Id="power_opt_design"/>
    <Step Id="place_design"/>
    <Step Id="post_place_power_opt_design"/>
    <Step Id="phys_opt_design"/>
    <Step Id="route_design"/>
    <Step Id="post_route_phys_opt_design"/>
    <Step Id="write_bitstream"/>
  </Strategy>
</GenRun>
